{"cameraMode":{"drawMode":0,"name":"Shaded","section":"Shading Mode"},"sceneLighting":false,"audioPlay":false,"sceneViewState":{"showFog":true,"showMaterialUpdate":false,"showSkybox":true,"showFlares":true,"showImageEffects":true,"showParticleSystems":true},"in2DMode":false,"pivot":{"x":-6.702185153961182,"y":-16.036455154418947,"z":-30.316402435302736},"rotation":{"x":0.18244732916355134,"y":-0.06631162762641907,"z":0.012333925813436509,"w":0.9808993935585022},"size":95.60308837890625,"orthographic":false}